-- phpMyAdmin SQL Dump
-- version 5.2.0
-- https://www.phpmyadmin.net/
--
-- Host: 127.0.0.1
-- Generation Time: Oct 28, 2022 at 05:51 PM
-- Server version: 10.4.25-MariaDB
-- PHP Version: 7.4.30

SET SQL_MODE = "NO_AUTO_VALUE_ON_ZERO";
START TRANSACTION;
SET time_zone = "+00:00";


/*!40101 SET @OLD_CHARACTER_SET_CLIENT=@@CHARACTER_SET_CLIENT */;
/*!40101 SET @OLD_CHARACTER_SET_RESULTS=@@CHARACTER_SET_RESULTS */;
/*!40101 SET @OLD_COLLATION_CONNECTION=@@COLLATION_CONNECTION */;
/*!40101 SET NAMES utf8mb4 */;

--
-- Database: `ci_ujian`
--

-- --------------------------------------------------------

--
-- Table structure for table `dosen`
--

CREATE TABLE `dosen` (
  `id_dosen` int(11) NOT NULL,
  `nip` char(12) NOT NULL,
  `nama_dosen` varchar(50) NOT NULL,
  `email` varchar(254) NOT NULL,
  `matkul_id` int(11) NOT NULL
) ENGINE=InnoDB DEFAULT CHARSET=latin1;

--
-- Dumping data for table `dosen`
--

INSERT INTO `dosen` (`id_dosen`, `nip`, `nama_dosen`, `email`, `matkul_id`) VALUES
(1, '10202201', 'Guru Saintek', 'saintek@guru.com', 1),
(2, '10202202', 'Guru SosHum', 'soshum@guru.com', 2);

--
-- Triggers `dosen`
--
DELIMITER $$
CREATE TRIGGER `edit_user_dosen` BEFORE UPDATE ON `dosen` FOR EACH ROW UPDATE `users` SET `email` = NEW.email, `username` = NEW.nip WHERE `users`.`username` = OLD.nip
$$
DELIMITER ;
DELIMITER $$
CREATE TRIGGER `hapus_user_dosen` BEFORE DELETE ON `dosen` FOR EACH ROW DELETE FROM `users` WHERE `users`.`username` = OLD.nip
$$
DELIMITER ;

-- --------------------------------------------------------

--
-- Table structure for table `groups`
--

CREATE TABLE `groups` (
  `id` mediumint(8) UNSIGNED NOT NULL,
  `name` varchar(20) NOT NULL,
  `description` varchar(100) NOT NULL
) ENGINE=InnoDB DEFAULT CHARSET=utf8;

--
-- Dumping data for table `groups`
--

INSERT INTO `groups` (`id`, `name`, `description`) VALUES
(1, 'admin', 'Administrator'),
(2, 'dosen', 'Pembuat Soal dan ujian'),
(3, 'mahasiswa', 'Peserta Ujian');

-- --------------------------------------------------------

--
-- Table structure for table `h_ujian`
--

CREATE TABLE `h_ujian` (
  `id` int(11) NOT NULL,
  `ujian_id` int(11) NOT NULL,
  `mahasiswa_id` int(11) NOT NULL,
  `list_soal` longtext NOT NULL,
  `list_jawaban` longtext NOT NULL,
  `jml_benar` int(11) NOT NULL,
  `nilai` decimal(10,2) NOT NULL,
  `nilai_bobot` decimal(10,2) NOT NULL,
  `tgl_mulai` datetime NOT NULL,
  `tgl_selesai` datetime NOT NULL,
  `status` enum('Y','N') NOT NULL
) ENGINE=InnoDB DEFAULT CHARSET=utf8;

-- --------------------------------------------------------

--
-- Table structure for table `jurusan`
--

CREATE TABLE `jurusan` (
  `id_jurusan` int(11) NOT NULL,
  `nama_jurusan` varchar(30) NOT NULL
) ENGINE=InnoDB DEFAULT CHARSET=utf8;

--
-- Dumping data for table `jurusan`
--

INSERT INTO `jurusan` (`id_jurusan`, `nama_jurusan`) VALUES
(1, 'Saintek'),
(2, 'SosHum');

-- --------------------------------------------------------

--
-- Table structure for table `jurusan_matkul`
--

CREATE TABLE `jurusan_matkul` (
  `id` int(11) NOT NULL,
  `matkul_id` int(11) NOT NULL,
  `jurusan_id` int(11) NOT NULL
) ENGINE=InnoDB DEFAULT CHARSET=utf8;

--
-- Dumping data for table `jurusan_matkul`
--

INSERT INTO `jurusan_matkul` (`id`, `matkul_id`, `jurusan_id`) VALUES
(1, 1, 1),
(2, 2, 2);

-- --------------------------------------------------------

--
-- Table structure for table `kelas`
--

CREATE TABLE `kelas` (
  `id_kelas` int(11) NOT NULL,
  `nama_kelas` varchar(30) NOT NULL,
  `jurusan_id` int(11) NOT NULL
) ENGINE=InnoDB DEFAULT CHARSET=utf8;

--
-- Dumping data for table `kelas`
--

INSERT INTO `kelas` (`id_kelas`, `nama_kelas`, `jurusan_id`) VALUES
(1, 'XII', 1),
(2, 'XII', 2);

-- --------------------------------------------------------

--
-- Table structure for table `kelas_dosen`
--

CREATE TABLE `kelas_dosen` (
  `id` int(11) NOT NULL,
  `kelas_id` int(11) NOT NULL,
  `dosen_id` int(11) NOT NULL
) ENGINE=InnoDB DEFAULT CHARSET=utf8;

--
-- Dumping data for table `kelas_dosen`
--

INSERT INTO `kelas_dosen` (`id`, `kelas_id`, `dosen_id`) VALUES
(1, 1, 1),
(2, 2, 2);

-- --------------------------------------------------------

--
-- Table structure for table `login_attempts`
--

CREATE TABLE `login_attempts` (
  `id` int(11) UNSIGNED NOT NULL,
  `ip_address` varchar(45) NOT NULL,
  `login` varchar(100) NOT NULL,
  `time` int(11) UNSIGNED DEFAULT NULL
) ENGINE=InnoDB DEFAULT CHARSET=utf8;

-- --------------------------------------------------------

--
-- Table structure for table `mahasiswa`
--

CREATE TABLE `mahasiswa` (
  `id_mahasiswa` int(11) NOT NULL,
  `nama` varchar(50) NOT NULL,
  `nim` char(20) NOT NULL,
  `email` varchar(254) NOT NULL,
  `jenis_kelamin` enum('L','P') NOT NULL,
  `kelas_id` int(11) NOT NULL COMMENT 'kelas&jurusan'
) ENGINE=InnoDB DEFAULT CHARSET=latin1;

--
-- Dumping data for table `mahasiswa`
--

INSERT INTO `mahasiswa` (`id_mahasiswa`, `nama`, `nim`, `email`, `jenis_kelamin`, `kelas_id`) VALUES
(1, 'ari kurniawan', '1234567890', 'arie.kurniawan999@gmail.com', 'L', 1);

-- --------------------------------------------------------

--
-- Table structure for table `matkul`
--

CREATE TABLE `matkul` (
  `id_matkul` int(11) NOT NULL,
  `nama_matkul` varchar(50) NOT NULL
) ENGINE=InnoDB DEFAULT CHARSET=utf8;

--
-- Dumping data for table `matkul`
--

INSERT INTO `matkul` (`id_matkul`, `nama_matkul`) VALUES
(1, 'Saintek TO'),
(2, 'SosHum TO'),
(3, 'IPA');

-- --------------------------------------------------------

--
-- Table structure for table `m_ujian`
--

CREATE TABLE `m_ujian` (
  `id_ujian` int(11) NOT NULL,
  `dosen_id` int(11) NOT NULL,
  `matkul_id` int(11) NOT NULL,
  `nama_ujian` varchar(200) NOT NULL,
  `jumlah_soal` int(11) NOT NULL,
  `waktu` int(11) NOT NULL,
  `jenis` enum('acak','urut') NOT NULL,
  `tgl_mulai` datetime NOT NULL,
  `terlambat` datetime NOT NULL,
  `token` varchar(5) NOT NULL
) ENGINE=InnoDB DEFAULT CHARSET=utf8;

-- --------------------------------------------------------

--
-- Table structure for table `tb_soal`
--

CREATE TABLE `tb_soal` (
  `id_soal` int(11) NOT NULL,
  `dosen_id` int(11) NOT NULL,
  `matkul_id` int(11) NOT NULL,
  `bobot` int(11) NOT NULL,
  `file` varchar(255) NOT NULL,
  `tipe_file` varchar(50) NOT NULL,
  `soal` longtext NOT NULL,
  `opsi_a` longtext NOT NULL,
  `opsi_b` longtext NOT NULL,
  `opsi_c` longtext NOT NULL,
  `opsi_d` longtext NOT NULL,
  `opsi_e` longtext NOT NULL,
  `file_a` varchar(255) NOT NULL,
  `file_b` varchar(255) NOT NULL,
  `file_c` varchar(255) NOT NULL,
  `file_d` varchar(255) NOT NULL,
  `file_e` varchar(255) NOT NULL,
  `jawaban` varchar(5) NOT NULL,
  `created_on` int(11) NOT NULL,
  `updated_on` int(11) DEFAULT NULL
) ENGINE=InnoDB DEFAULT CHARSET=utf8;

-- --------------------------------------------------------

--
-- Table structure for table `users`
--

CREATE TABLE `users` (
  `id` int(11) UNSIGNED NOT NULL,
  `ip_address` varchar(45) NOT NULL,
  `username` varchar(100) DEFAULT NULL,
  `password` varchar(255) NOT NULL,
  `email` varchar(254) DEFAULT NULL,
  `activation_selector` varchar(255) DEFAULT NULL,
  `activation_code` varchar(255) DEFAULT NULL,
  `forgotten_password_selector` varchar(255) DEFAULT NULL,
  `forgotten_password_code` varchar(255) DEFAULT NULL,
  `forgotten_password_time` int(11) UNSIGNED DEFAULT NULL,
  `remember_selector` varchar(255) DEFAULT NULL,
  `remember_code` varchar(255) DEFAULT NULL,
  `created_on` int(11) UNSIGNED NOT NULL,
  `last_login` int(11) UNSIGNED DEFAULT NULL,
  `active` tinyint(1) UNSIGNED DEFAULT NULL,
  `first_name` varchar(50) DEFAULT NULL,
  `last_name` varchar(50) DEFAULT NULL,
  `company` varchar(100) DEFAULT NULL,
  `phone` varchar(20) DEFAULT NULL
) ENGINE=InnoDB DEFAULT CHARSET=utf8;

--
-- Dumping data for table `users`
--

INSERT INTO `users` (`id`, `ip_address`, `username`, `password`, `email`, `activation_selector`, `activation_code`, `forgotten_password_selector`, `forgotten_password_code`, `forgotten_password_time`, `remember_selector`, `remember_code`, `created_on`, `last_login`, `active`, `first_name`, `last_name`, `company`, `phone`) VALUES
(1, '127.0.0.1', 'Administrator', '$2y$12$1674cmmNR2xhI/X1hlNIe.ggD22QvdywRmLjmurw1eOwc1J1l/ieS', 'admin@admin.com', NULL, '', NULL, NULL, NULL, NULL, NULL, 1268889823, 1666967579, 1, 'Admin', 'Istrator', 'ADMIN', '0'),
(9, '::1', '10202201', '$2y$10$M8fEc1PrXqGaUwWUvM/.K.4Y9THZQYj8h2KVe6qJ3eBIULkPsClMO', 'saintek@guru.com', NULL, NULL, NULL, NULL, NULL, NULL, NULL, 1666968804, 1666972244, 1, 'Guru', 'Saintek', NULL, NULL),
(10, '::1', '10202202', '$2y$10$2dVKr0x.2vbiDTU2nxrRZOnju/zwH9pV1UlIOrgC1qVcScEGwWFK6', 'soshum@guru.com', NULL, NULL, NULL, NULL, NULL, NULL, NULL, 1666968947, NULL, 1, 'Guru', 'SosHum', NULL, NULL),
(11, '::1', '1234567890', '$2y$10$9bx1EdYs66ow.jkitjI6B.mpZGFnNWwwSe4ZYu4LBrJcuW3ktdntS', 'arie.kurniawan999@gmail.com', NULL, NULL, NULL, NULL, NULL, NULL, NULL, 1666969262, 1666972210, 1, 'ari', 'kurniawan', NULL, NULL);

-- --------------------------------------------------------

--
-- Table structure for table `users_groups`
--

CREATE TABLE `users_groups` (
  `id` int(11) UNSIGNED NOT NULL,
  `user_id` int(11) UNSIGNED NOT NULL,
  `group_id` mediumint(8) UNSIGNED NOT NULL
) ENGINE=InnoDB DEFAULT CHARSET=utf8;

--
-- Dumping data for table `users_groups`
--

INSERT INTO `users_groups` (`id`, `user_id`, `group_id`) VALUES
(3, 1, 1),
(11, 9, 2),
(12, 10, 2),
(13, 11, 3);

--
-- Indexes for dumped tables
--

--
-- Indexes for table `dosen`
--
ALTER TABLE `dosen`
  ADD PRIMARY KEY (`id_dosen`),
  ADD UNIQUE KEY `email` (`email`),
  ADD UNIQUE KEY `nip` (`nip`),
  ADD KEY `matkul_id` (`matkul_id`);

--
-- Indexes for table `groups`
--
ALTER TABLE `groups`
  ADD PRIMARY KEY (`id`);

--
-- Indexes for table `h_ujian`
--
ALTER TABLE `h_ujian`
  ADD PRIMARY KEY (`id`),
  ADD KEY `ujian_id` (`ujian_id`),
  ADD KEY `mahasiswa_id` (`mahasiswa_id`);

--
-- Indexes for table `jurusan`
--
ALTER TABLE `jurusan`
  ADD PRIMARY KEY (`id_jurusan`);

--
-- Indexes for table `jurusan_matkul`
--
ALTER TABLE `jurusan_matkul`
  ADD PRIMARY KEY (`id`),
  ADD KEY `jurusan_id` (`jurusan_id`),
  ADD KEY `matkul_id` (`matkul_id`);

--
-- Indexes for table `kelas`
--
ALTER TABLE `kelas`
  ADD PRIMARY KEY (`id_kelas`),
  ADD KEY `jurusan_id` (`jurusan_id`);

--
-- Indexes for table `kelas_dosen`
--
ALTER TABLE `kelas_dosen`
  ADD PRIMARY KEY (`id`),
  ADD KEY `kelas_id` (`kelas_id`),
  ADD KEY `dosen_id` (`dosen_id`);

--
-- Indexes for table `login_attempts`
--
ALTER TABLE `login_attempts`
  ADD PRIMARY KEY (`id`);

--
-- Indexes for table `mahasiswa`
--
ALTER TABLE `mahasiswa`
  ADD PRIMARY KEY (`id_mahasiswa`),
  ADD UNIQUE KEY `nim` (`nim`),
  ADD UNIQUE KEY `email` (`email`),
  ADD KEY `kelas_id` (`kelas_id`);

--
-- Indexes for table `matkul`
--
ALTER TABLE `matkul`
  ADD PRIMARY KEY (`id_matkul`);

--
-- Indexes for table `m_ujian`
--
ALTER TABLE `m_ujian`
  ADD PRIMARY KEY (`id_ujian`),
  ADD KEY `matkul_id` (`matkul_id`),
  ADD KEY `dosen_id` (`dosen_id`);

--
-- Indexes for table `tb_soal`
--
ALTER TABLE `tb_soal`
  ADD PRIMARY KEY (`id_soal`),
  ADD KEY `matkul_id` (`matkul_id`),
  ADD KEY `dosen_id` (`dosen_id`);

--
-- Indexes for table `users`
--
ALTER TABLE `users`
  ADD PRIMARY KEY (`id`),
  ADD UNIQUE KEY `uc_activation_selector` (`activation_selector`),
  ADD UNIQUE KEY `uc_forgotten_password_selector` (`forgotten_password_selector`),
  ADD UNIQUE KEY `uc_remember_selector` (`remember_selector`),
  ADD UNIQUE KEY `uc_email` (`email`) USING BTREE;

--
-- Indexes for table `users_groups`
--
ALTER TABLE `users_groups`
  ADD PRIMARY KEY (`id`),
  ADD UNIQUE KEY `uc_users_groups` (`user_id`,`group_id`),
  ADD KEY `fk_users_groups_users1_idx` (`user_id`),
  ADD KEY `fk_users_groups_groups1_idx` (`group_id`);

--
-- AUTO_INCREMENT for dumped tables
--

--
-- AUTO_INCREMENT for table `dosen`
--
ALTER TABLE `dosen`
  MODIFY `id_dosen` int(11) NOT NULL AUTO_INCREMENT, AUTO_INCREMENT=3;

--
-- AUTO_INCREMENT for table `groups`
--
ALTER TABLE `groups`
  MODIFY `id` mediumint(8) UNSIGNED NOT NULL AUTO_INCREMENT, AUTO_INCREMENT=4;

--
-- AUTO_INCREMENT for table `h_ujian`
--
ALTER TABLE `h_ujian`
  MODIFY `id` int(11) NOT NULL AUTO_INCREMENT;

--
-- AUTO_INCREMENT for table `jurusan`
--
ALTER TABLE `jurusan`
  MODIFY `id_jurusan` int(11) NOT NULL AUTO_INCREMENT, AUTO_INCREMENT=3;

--
-- AUTO_INCREMENT for table `jurusan_matkul`
--
ALTER TABLE `jurusan_matkul`
  MODIFY `id` int(11) NOT NULL AUTO_INCREMENT, AUTO_INCREMENT=3;

--
-- AUTO_INCREMENT for table `kelas`
--
ALTER TABLE `kelas`
  MODIFY `id_kelas` int(11) NOT NULL AUTO_INCREMENT, AUTO_INCREMENT=3;

--
-- AUTO_INCREMENT for table `kelas_dosen`
--
ALTER TABLE `kelas_dosen`
  MODIFY `id` int(11) NOT NULL AUTO_INCREMENT, AUTO_INCREMENT=3;

--
-- AUTO_INCREMENT for table `login_attempts`
--
ALTER TABLE `login_attempts`
  MODIFY `id` int(11) UNSIGNED NOT NULL AUTO_INCREMENT, AUTO_INCREMENT=6;

--
-- AUTO_INCREMENT for table `mahasiswa`
--
ALTER TABLE `mahasiswa`
  MODIFY `id_mahasiswa` int(11) NOT NULL AUTO_INCREMENT, AUTO_INCREMENT=2;

--
-- AUTO_INCREMENT for table `matkul`
--
ALTER TABLE `matkul`
  MODIFY `id_matkul` int(11) NOT NULL AUTO_INCREMENT, AUTO_INCREMENT=4;

--
-- AUTO_INCREMENT for table `m_ujian`
--
ALTER TABLE `m_ujian`
  MODIFY `id_ujian` int(11) NOT NULL AUTO_INCREMENT;

--
-- AUTO_INCREMENT for table `tb_soal`
--
ALTER TABLE `tb_soal`
  MODIFY `id_soal` int(11) NOT NULL AUTO_INCREMENT;

--
-- AUTO_INCREMENT for table `users`
--
ALTER TABLE `users`
  MODIFY `id` int(11) UNSIGNED NOT NULL AUTO_INCREMENT, AUTO_INCREMENT=12;

--
-- AUTO_INCREMENT for table `users_groups`
--
ALTER TABLE `users_groups`
  MODIFY `id` int(11) UNSIGNED NOT NULL AUTO_INCREMENT, AUTO_INCREMENT=14;

--
-- Constraints for dumped tables
--

--
-- Constraints for table `dosen`
--
ALTER TABLE `dosen`
  ADD CONSTRAINT `dosen_ibfk_1` FOREIGN KEY (`matkul_id`) REFERENCES `matkul` (`id_matkul`);

--
-- Constraints for table `h_ujian`
--
ALTER TABLE `h_ujian`
  ADD CONSTRAINT `h_ujian_ibfk_1` FOREIGN KEY (`ujian_id`) REFERENCES `m_ujian` (`id_ujian`),
  ADD CONSTRAINT `h_ujian_ibfk_2` FOREIGN KEY (`mahasiswa_id`) REFERENCES `mahasiswa` (`id_mahasiswa`);

--
-- Constraints for table `jurusan_matkul`
--
ALTER TABLE `jurusan_matkul`
  ADD CONSTRAINT `jurusan_matkul_ibfk_1` FOREIGN KEY (`jurusan_id`) REFERENCES `jurusan` (`id_jurusan`),
  ADD CONSTRAINT `jurusan_matkul_ibfk_2` FOREIGN KEY (`matkul_id`) REFERENCES `matkul` (`id_matkul`);

--
-- Constraints for table `kelas_dosen`
--
ALTER TABLE `kelas_dosen`
  ADD CONSTRAINT `kelas_dosen_ibfk_1` FOREIGN KEY (`dosen_id`) REFERENCES `dosen` (`id_dosen`),
  ADD CONSTRAINT `kelas_dosen_ibfk_2` FOREIGN KEY (`kelas_id`) REFERENCES `kelas` (`id_kelas`);

--
-- Constraints for table `mahasiswa`
--
ALTER TABLE `mahasiswa`
  ADD CONSTRAINT `mahasiswa_ibfk_2` FOREIGN KEY (`kelas_id`) REFERENCES `kelas` (`id_kelas`);

--
-- Constraints for table `m_ujian`
--
ALTER TABLE `m_ujian`
  ADD CONSTRAINT `m_ujian_ibfk_1` FOREIGN KEY (`dosen_id`) REFERENCES `dosen` (`id_dosen`),
  ADD CONSTRAINT `m_ujian_ibfk_2` FOREIGN KEY (`matkul_id`) REFERENCES `matkul` (`id_matkul`);

--
-- Constraints for table `tb_soal`
--
ALTER TABLE `tb_soal`
  ADD CONSTRAINT `tb_soal_ibfk_1` FOREIGN KEY (`matkul_id`) REFERENCES `matkul` (`id_matkul`),
  ADD CONSTRAINT `tb_soal_ibfk_2` FOREIGN KEY (`dosen_id`) REFERENCES `dosen` (`id_dosen`);

--
-- Constraints for table `users_groups`
--
ALTER TABLE `users_groups`
  ADD CONSTRAINT `fk_users_groups_groups1` FOREIGN KEY (`group_id`) REFERENCES `groups` (`id`) ON DELETE CASCADE ON UPDATE NO ACTION,
  ADD CONSTRAINT `fk_users_groups_users1` FOREIGN KEY (`user_id`) REFERENCES `users` (`id`) ON DELETE CASCADE ON UPDATE NO ACTION;
COMMIT;

/*!40101 SET CHARACTER_SET_CLIENT=@OLD_CHARACTER_SET_CLIENT */;
/*!40101 SET CHARACTER_SET_RESULTS=@OLD_CHARACTER_SET_RESULTS */;
/*!40101 SET COLLATION_CONNECTION=@OLD_COLLATION_CONNECTION */;
